<?xml version="1.0" encoding="UTF-8"?>
<spirit:component xmlns:xilinx="http://www.xilinx.com" xmlns:spirit="http://www.spiritconsortium.org/XMLSchema/SPIRIT/1685-2009" xmlns:xsi="http://www.w3.org/2001/XMLSchema-instance">
  <spirit:vendor>user.org</spirit:vendor>
  <spirit:library>user</spirit:library>
  <spirit:name>mysqrtip</spirit:name>
  <spirit:version>1.0</spirit:version>
  <spirit:busInterfaces>
    <spirit:busInterface>
      <spirit:name>S00_AXI</spirit:name>
      <spirit:busType spirit:vendor="xilinx.com" spirit:library="interface" spirit:name="aximm" spirit:version="1.0"/>
      <spirit:abstractionType spirit:vendor="xilinx.com" spirit:library="interface" spirit:name="aximm_rtl" spirit:version="1.0"/>
      <spirit:slave>
        <spirit:memoryMapRef spirit:memoryMapRef="S00_AXI"/>
      </spirit:slave>
      <spirit:portMaps>
        <spirit:portMap>
          <spirit:logicalPort>
            <spirit:name>AWADDR</spirit:name>
          </spirit:logicalPort>
          <spirit:physicalPort>
            <spirit:name>s00_axi_awaddr</spirit:name>
          </spirit:physicalPort>
        </spirit:portMap>
        <spirit:portMap>
          <spirit:logicalPort>
            <spirit:name>AWPROT</spirit:name>
          </spirit:logicalPort>
          <spirit:physicalPort>
            <spirit:name>s00_axi_awprot</spirit:name>
          </spirit:physicalPort>
        </spirit:portMap>
        <spirit:portMap>
          <spirit:logicalPort>
            <spirit:name>AWVALID</spirit:name>
          </spirit:logicalPort>
          <spirit:physicalPort>
            <spirit:name>s00_axi_awvalid</spirit:name>
          </spirit:physicalPort>
        </spirit:portMap>
        <spirit:portMap>
          <spirit:logicalPort>
            <spirit:name>AWREADY</spirit:name>
          </spirit:logicalPort>
          <spirit:physicalPort>
            <spirit:name>s00_axi_awready</spirit:name>
          </spirit:physicalPort>
        </spirit:portMap>
        <spirit:portMap>
          <spirit:logicalPort>
            <spirit:name>WDATA</spirit:name>
          </spirit:logicalPort>
          <spirit:physicalPort>
            <spirit:name>s00_axi_wdata</spirit:name>
          </spirit:physicalPort>
        </spirit:portMap>
        <spirit:portMap>
          <spirit:logicalPort>
            <spirit:name>WSTRB</spirit:name>
          </spirit:logicalPort>
          <spirit:physicalPort>
            <spirit:name>s00_axi_wstrb</spirit:name>
          </spirit:physicalPort>
        </spirit:portMap>
        <spirit:portMap>
          <spirit:logicalPort>
            <spirit:name>WVALID</spirit:name>
          </spirit:logicalPort>
          <spirit:physicalPort>
            <spirit:name>s00_axi_wvalid</spirit:name>
          </spirit:physicalPort>
        </spirit:portMap>
        <spirit:portMap>
          <spirit:logicalPort>
            <spirit:name>WREADY</spirit:name>
          </spirit:logicalPort>
          <spirit:physicalPort>
            <spirit:name>s00_axi_wready</spirit:name>
          </spirit:physicalPort>
        </spirit:portMap>
        <spirit:portMap>
          <spirit:logicalPort>
            <spirit:name>BRESP</spirit:name>
          </spirit:logicalPort>
          <spirit:physicalPort>
            <spirit:name>s00_axi_bresp</spirit:name>
          </spirit:physicalPort>
        </spirit:portMap>
        <spirit:portMap>
          <spirit:logicalPort>
            <spirit:name>BVALID</spirit:name>
          </spirit:logicalPort>
          <spirit:physicalPort>
            <spirit:name>s00_axi_bvalid</spirit:name>
          </spirit:physicalPort>
        </spirit:portMap>
        <spirit:portMap>
          <spirit:logicalPort>
            <spirit:name>BREADY</spirit:name>
          </spirit:logicalPort>
          <spirit:physicalPort>
            <spirit:name>s00_axi_bready</spirit:name>
          </spirit:physicalPort>
        </spirit:portMap>
        <spirit:portMap>
          <spirit:logicalPort>
            <spirit:name>ARADDR</spirit:name>
          </spirit:logicalPort>
          <spirit:physicalPort>
            <spirit:name>s00_axi_araddr</spirit:name>
          </spirit:physicalPort>
        </spirit:portMap>
        <spirit:portMap>
          <spirit:logicalPort>
            <spirit:name>ARPROT</spirit:name>
          </spirit:logicalPort>
          <spirit:physicalPort>
            <spirit:name>s00_axi_arprot</spirit:name>
          </spirit:physicalPort>
        </spirit:portMap>
        <spirit:portMap>
          <spirit:logicalPort>
            <spirit:name>ARVALID</spirit:name>
          </spirit:logicalPort>
          <spirit:physicalPort>
            <spirit:name>s00_axi_arvalid</spirit:name>
          </spirit:physicalPort>
        </spirit:portMap>
        <spirit:portMap>
          <spirit:logicalPort>
            <spirit:name>ARREADY</spirit:name>
          </spirit:logicalPort>
          <spirit:physicalPort>
            <spirit:name>s00_axi_arready</spirit:name>
          </spirit:physicalPort>
        </spirit:portMap>
        <spirit:portMap>
          <spirit:logicalPort>
            <spirit:name>RDATA</spirit:name>
          </spirit:logicalPort>
          <spirit:physicalPort>
            <spirit:name>s00_axi_rdata</spirit:name>
          </spirit:physicalPort>
        </spirit:portMap>
        <spirit:portMap>
          <spirit:logicalPort>
            <spirit:name>RRESP</spirit:name>
          </spirit:logicalPort>
          <spirit:physicalPort>
            <spirit:name>s00_axi_rresp</spirit:name>
          </spirit:physicalPort>
        </spirit:portMap>
        <spirit:portMap>
          <spirit:logicalPort>
            <spirit:name>RVALID</spirit:name>
          </spirit:logicalPort>
          <spirit:physicalPort>
            <spirit:name>s00_axi_rvalid</spirit:name>
          </spirit:physicalPort>
        </spirit:portMap>
        <spirit:portMap>
          <spirit:logicalPort>
            <spirit:name>RREADY</spirit:name>
          </spirit:logicalPort>
          <spirit:physicalPort>
            <spirit:name>s00_axi_rready</spirit:name>
          </spirit:physicalPort>
        </spirit:portMap>
      </spirit:portMaps>
      <spirit:parameters>
        <spirit:parameter>
          <spirit:name>WIZ_DATA_WIDTH</spirit:name>
          <spirit:value spirit:format="long" spirit:id="BUSIFPARAM_VALUE.S00_AXI.WIZ_DATA_WIDTH" spirit:choiceRef="choice_list_6fc15197">32</spirit:value>
        </spirit:parameter>
        <spirit:parameter>
          <spirit:name>WIZ_NUM_REG</spirit:name>
          <spirit:value spirit:format="long" spirit:id="BUSIFPARAM_VALUE.S00_AXI.WIZ_NUM_REG" spirit:minimum="4" spirit:maximum="512" spirit:rangeType="long">4</spirit:value>
        </spirit:parameter>
        <spirit:parameter>
          <spirit:name>SUPPORTS_NARROW_BURST</spirit:name>
          <spirit:value spirit:format="long" spirit:id="BUSIFPARAM_VALUE.S00_AXI.SUPPORTS_NARROW_BURST" spirit:choiceRef="choice_pairs_ce1226b1">0</spirit:value>
        </spirit:parameter>
      </spirit:parameters>
    </spirit:busInterface>
    <spirit:busInterface>
      <spirit:name>S00_AXI_RST</spirit:name>
      <spirit:busType spirit:vendor="xilinx.com" spirit:library="signal" spirit:name="reset" spirit:version="1.0"/>
      <spirit:abstractionType spirit:vendor="xilinx.com" spirit:library="signal" spirit:name="reset_rtl" spirit:version="1.0"/>
      <spirit:slave/>
      <spirit:portMaps>
        <spirit:portMap>
          <spirit:logicalPort>
            <spirit:name>RST</spirit:name>
          </spirit:logicalPort>
          <spirit:physicalPort>
            <spirit:name>s00_axi_aresetn</spirit:name>
          </spirit:physicalPort>
        </spirit:portMap>
      </spirit:portMaps>
      <spirit:parameters>
        <spirit:parameter>
          <spirit:name>POLARITY</spirit:name>
          <spirit:value spirit:id="BUSIFPARAM_VALUE.S00_AXI_RST.POLARITY" spirit:choiceRef="choice_list_9d8b0d81">ACTIVE_LOW</spirit:value>
        </spirit:parameter>
      </spirit:parameters>
    </spirit:busInterface>
    <spirit:busInterface>
      <spirit:name>S00_AXI_CLK</spirit:name>
      <spirit:busType spirit:vendor="xilinx.com" spirit:library="signal" spirit:name="clock" spirit:version="1.0"/>
      <spirit:abstractionType spirit:vendor="xilinx.com" spirit:library="signal" spirit:name="clock_rtl" spirit:version="1.0"/>
      <spirit:slave/>
      <spirit:portMaps>
        <spirit:portMap>
          <spirit:logicalPort>
            <spirit:name>CLK</spirit:name>
          </spirit:logicalPort>
          <spirit:physicalPort>
            <spirit:name>s00_axi_aclk</spirit:name>
          </spirit:physicalPort>
        </spirit:portMap>
      </spirit:portMaps>
      <spirit:parameters>
        <spirit:parameter>
          <spirit:name>ASSOCIATED_BUSIF</spirit:name>
          <spirit:value spirit:id="BUSIFPARAM_VALUE.S00_AXI_CLK.ASSOCIATED_BUSIF">S00_AXI</spirit:value>
        </spirit:parameter>
        <spirit:parameter>
          <spirit:name>ASSOCIATED_RESET</spirit:name>
          <spirit:value spirit:id="BUSIFPARAM_VALUE.S00_AXI_CLK.ASSOCIATED_RESET">s00_axi_aresetn</spirit:value>
        </spirit:parameter>
      </spirit:parameters>
    </spirit:busInterface>
    <spirit:busInterface>
      <spirit:name>done_interrupt</spirit:name>
      <spirit:busType spirit:vendor="xilinx.com" spirit:library="signal" spirit:name="interrupt" spirit:version="1.0"/>
      <spirit:abstractionType spirit:vendor="xilinx.com" spirit:library="signal" spirit:name="interrupt_rtl" spirit:version="1.0"/>
      <spirit:master/>
      <spirit:portMaps>
        <spirit:portMap>
          <spirit:logicalPort>
            <spirit:name>INTERRUPT</spirit:name>
          </spirit:logicalPort>
          <spirit:physicalPort>
            <spirit:name>done_interrupt</spirit:name>
          </spirit:physicalPort>
        </spirit:portMap>
      </spirit:portMaps>
      <spirit:parameters>
        <spirit:parameter>
          <spirit:name>SENSITIVITY</spirit:name>
          <spirit:value spirit:id="BUSIFPARAM_VALUE.DONE_INTERRUPT.SENSITIVITY" spirit:choiceRef="choice_list_99a1d2b9">LEVEL_HIGH</spirit:value>
        </spirit:parameter>
      </spirit:parameters>
    </spirit:busInterface>
  </spirit:busInterfaces>
  <spirit:memoryMaps>
    <spirit:memoryMap>
      <spirit:name>S00_AXI</spirit:name>
      <spirit:addressBlock>
        <spirit:name>S00_AXI_reg</spirit:name>
        <spirit:baseAddress spirit:format="long" spirit:resolve="user">0</spirit:baseAddress>
        <spirit:range spirit:format="long">4096</spirit:range>
        <spirit:width spirit:format="long">32</spirit:width>
        <spirit:usage>register</spirit:usage>
        <spirit:parameters>
          <spirit:parameter>
            <spirit:name>OFFSET_BASE_PARAM</spirit:name>
            <spirit:value spirit:id="ADDRBLOCKPARAM_VALUE.S00_AXI.S00_AXI_REG.OFFSET_BASE_PARAM">C_S00_AXI_BASEADDR</spirit:value>
          </spirit:parameter>
          <spirit:parameter>
            <spirit:name>OFFSET_HIGH_PARAM</spirit:name>
            <spirit:value spirit:id="ADDRBLOCKPARAM_VALUE.S00_AXI.S00_AXI_REG.OFFSET_HIGH_PARAM">C_S00_AXI_HIGHADDR</spirit:value>
          </spirit:parameter>
        </spirit:parameters>
      </spirit:addressBlock>
    </spirit:memoryMap>
  </spirit:memoryMaps>
  <spirit:model>
    <spirit:views>
      <spirit:view>
        <spirit:name>xilinx_vhdlsynthesis</spirit:name>
        <spirit:displayName>VHDL Synthesis</spirit:displayName>
        <spirit:envIdentifier>vhdlSource:vivado.xilinx.com:synthesis</spirit:envIdentifier>
        <spirit:language>vhdl</spirit:language>
        <spirit:modelName>mysqrtip_v1_0</spirit:modelName>
        <spirit:fileSetRef>
          <spirit:localName>xilinx_vhdlsynthesis_view_fileset</spirit:localName>
        </spirit:fileSetRef>
        <spirit:parameters>
          <spirit:parameter>
            <spirit:name>viewChecksum</spirit:name>
            <spirit:value>27a7078c</spirit:value>
          </spirit:parameter>
        </spirit:parameters>
      </spirit:view>
      <spirit:view>
        <spirit:name>xilinx_vhdlbehavioralsimulation</spirit:name>
        <spirit:displayName>VHDL Simulation</spirit:displayName>
        <spirit:envIdentifier>vhdlSource:vivado.xilinx.com:simulation</spirit:envIdentifier>
        <spirit:language>vhdl</spirit:language>
        <spirit:modelName>mysqrtip_v1_0</spirit:modelName>
        <spirit:fileSetRef>
          <spirit:localName>xilinx_vhdlbehavioralsimulation_view_fileset</spirit:localName>
        </spirit:fileSetRef>
        <spirit:parameters>
          <spirit:parameter>
            <spirit:name>viewChecksum</spirit:name>
            <spirit:value>27a7078c</spirit:value>
          </spirit:parameter>
        </spirit:parameters>
      </spirit:view>
      <spirit:view>
        <spirit:name>xilinx_xpgui</spirit:name>
        <spirit:displayName>UI Layout</spirit:displayName>
        <spirit:envIdentifier>:vivado.xilinx.com:xgui.ui</spirit:envIdentifier>
        <spirit:fileSetRef>
          <spirit:localName>xilinx_xpgui_view_fileset</spirit:localName>
        </spirit:fileSetRef>
        <spirit:parameters>
          <spirit:parameter>
            <spirit:name>viewChecksum</spirit:name>
            <spirit:value>080b65eb</spirit:value>
          </spirit:parameter>
        </spirit:parameters>
      </spirit:view>
      <spirit:view>
        <spirit:name>bd_tcl</spirit:name>
        <spirit:displayName>Block Diagram</spirit:displayName>
        <spirit:envIdentifier>:vivado.xilinx.com:block.diagram</spirit:envIdentifier>
        <spirit:fileSetRef>
          <spirit:localName>bd_tcl_view_fileset</spirit:localName>
        </spirit:fileSetRef>
        <spirit:parameters>
          <spirit:parameter>
            <spirit:name>viewChecksum</spirit:name>
            <spirit:value>45a2f450</spirit:value>
          </spirit:parameter>
        </spirit:parameters>
      </spirit:view>
    </spirit:views>
    <spirit:ports>
      <spirit:port>
        <spirit:name>done_interrupt</spirit:name>
        <spirit:wire>
          <spirit:direction>out</spirit:direction>
          <spirit:wireTypeDefs>
            <spirit:wireTypeDef>
              <spirit:typeName>std_logic</spirit:typeName>
              <spirit:viewNameRef>xilinx_vhdlsynthesis</spirit:viewNameRef>
              <spirit:viewNameRef>xilinx_vhdlbehavioralsimulation</spirit:viewNameRef>
            </spirit:wireTypeDef>
          </spirit:wireTypeDefs>
        </spirit:wire>
      </spirit:port>
      <spirit:port>
        <spirit:name>s00_axi_aclk</spirit:name>
        <spirit:wire>
          <spirit:direction>in</spirit:direction>
          <spirit:wireTypeDefs>
            <spirit:wireTypeDef>
              <spirit:typeName>std_logic</spirit:typeName>
              <spirit:viewNameRef>xilinx_vhdlsynthesis</spirit:viewNameRef>
              <spirit:viewNameRef>xilinx_vhdlbehavioralsimulation</spirit:viewNameRef>
            </spirit:wireTypeDef>
          </spirit:wireTypeDefs>
        </spirit:wire>
      </spirit:port>
      <spirit:port>
        <spirit:name>s00_axi_aresetn</spirit:name>
        <spirit:wire>
          <spirit:direction>in</spirit:direction>
          <spirit:wireTypeDefs>
            <spirit:wireTypeDef>
              <spirit:typeName>std_logic</spirit:typeName>
              <spirit:viewNameRef>xilinx_vhdlsynthesis</spirit:viewNameRef>
              <spirit:viewNameRef>xilinx_vhdlbehavioralsimulation</spirit:viewNameRef>
            </spirit:wireTypeDef>
          </spirit:wireTypeDefs>
        </spirit:wire>
      </spirit:port>
      <spirit:port>
        <spirit:name>s00_axi_awaddr</spirit:name>
        <spirit:wire>
          <spirit:direction>in</spirit:direction>
          <spirit:vector>
            <spirit:left spirit:format="long" spirit:resolve="dependent" spirit:dependency="(spirit:decode(id(&apos;MODELPARAM_VALUE.C_S00_AXI_ADDR_WIDTH&apos;)) - 1)">3</spirit:left>
            <spirit:right spirit:format="long">0</spirit:right>
          </spirit:vector>
          <spirit:wireTypeDefs>
            <spirit:wireTypeDef>
              <spirit:typeName>std_logic_vector</spirit:typeName>
              <spirit:viewNameRef>xilinx_vhdlsynthesis</spirit:viewNameRef>
              <spirit:viewNameRef>xilinx_vhdlbehavioralsimulation</spirit:viewNameRef>
            </spirit:wireTypeDef>
          </spirit:wireTypeDefs>
        </spirit:wire>
      </spirit:port>
      <spirit:port>
        <spirit:name>s00_axi_awprot</spirit:name>
        <spirit:wire>
          <spirit:direction>in</spirit:direction>
          <spirit:vector>
            <spirit:left spirit:format="long">2</spirit:left>
            <spirit:right spirit:format="long">0</spirit:right>
          </spirit:vector>
          <spirit:wireTypeDefs>
            <spirit:wireTypeDef>
              <spirit:typeName>std_logic_vector</spirit:typeName>
              <spirit:viewNameRef>xilinx_vhdlsynthesis</spirit:viewNameRef>
              <spirit:viewNameRef>xilinx_vhdlbehavioralsimulation</spirit:viewNameRef>
            </spirit:wireTypeDef>
          </spirit:wireTypeDefs>
        </spirit:wire>
      </spirit:port>
      <spirit:port>
        <spirit:name>s00_axi_awvalid</spirit:name>
        <spirit:wire>
          <spirit:direction>in</spirit:direction>
          <spirit:wireTypeDefs>
            <spirit:wireTypeDef>
              <spirit:typeName>std_logic</spirit:typeName>
              <spirit:viewNameRef>xilinx_vhdlsynthesis</spirit:viewNameRef>
              <spirit:viewNameRef>xilinx_vhdlbehavioralsimulation</spirit:viewNameRef>
            </spirit:wireTypeDef>
          </spirit:wireTypeDefs>
        </spirit:wire>
      </spirit:port>
      <spirit:port>
        <spirit:name>s00_axi_awready</spirit:name>
        <spirit:wire>
          <spirit:direction>out</spirit:direction>
          <spirit:wireTypeDefs>
            <spirit:wireTypeDef>
              <spirit:typeName>std_logic</spirit:typeName>
              <spirit:viewNameRef>xilinx_vhdlsynthesis</spirit:viewNameRef>
              <spirit:viewNameRef>xilinx_vhdlbehavioralsimulation</spirit:viewNameRef>
            </spirit:wireTypeDef>
          </spirit:wireTypeDefs>
        </spirit:wire>
      </spirit:port>
      <spirit:port>
        <spirit:name>s00_axi_wdata</spirit:name>
        <spirit:wire>
          <spirit:direction>in</spirit:direction>
          <spirit:vector>
            <spirit:left spirit:format="long" spirit:resolve="dependent" spirit:dependency="(spirit:decode(id(&apos;MODELPARAM_VALUE.C_S00_AXI_DATA_WIDTH&apos;)) - 1)">31</spirit:left>
            <spirit:right spirit:format="long">0</spirit:right>
          </spirit:vector>
          <spirit:wireTypeDefs>
            <spirit:wireTypeDef>
              <spirit:typeName>std_logic_vector</spirit:typeName>
              <spirit:viewNameRef>xilinx_vhdlsynthesis</spirit:viewNameRef>
              <spirit:viewNameRef>xilinx_vhdlbehavioralsimulation</spirit:viewNameRef>
            </spirit:wireTypeDef>
          </spirit:wireTypeDefs>
        </spirit:wire>
      </spirit:port>
      <spirit:port>
        <spirit:name>s00_axi_wstrb</spirit:name>
        <spirit:wire>
          <spirit:direction>in</spirit:direction>
          <spirit:vector>
            <spirit:left spirit:format="long" spirit:resolve="dependent" spirit:dependency="((spirit:decode(id(&apos;MODELPARAM_VALUE.C_S00_AXI_DATA_WIDTH&apos;)) / 8) - 1)">3</spirit:left>
            <spirit:right spirit:format="long">0</spirit:right>
          </spirit:vector>
          <spirit:wireTypeDefs>
            <spirit:wireTypeDef>
              <spirit:typeName>std_logic_vector</spirit:typeName>
              <spirit:viewNameRef>xilinx_vhdlsynthesis</spirit:viewNameRef>
              <spirit:viewNameRef>xilinx_vhdlbehavioralsimulation</spirit:viewNameRef>
            </spirit:wireTypeDef>
          </spirit:wireTypeDefs>
        </spirit:wire>
      </spirit:port>
      <spirit:port>
        <spirit:name>s00_axi_wvalid</spirit:name>
        <spirit:wire>
          <spirit:direction>in</spirit:direction>
          <spirit:wireTypeDefs>
            <spirit:wireTypeDef>
              <spirit:typeName>std_logic</spirit:typeName>
              <spirit:viewNameRef>xilinx_vhdlsynthesis</spirit:viewNameRef>
              <spirit:viewNameRef>xilinx_vhdlbehavioralsimulation</spirit:viewNameRef>
            </spirit:wireTypeDef>
          </spirit:wireTypeDefs>
        </spirit:wire>
      </spirit:port>
      <spirit:port>
        <spirit:name>s00_axi_wready</spirit:name>
        <spirit:wire>
          <spirit:direction>out</spirit:direction>
          <spirit:wireTypeDefs>
            <spirit:wireTypeDef>
              <spirit:typeName>std_logic</spirit:typeName>
              <spirit:viewNameRef>xilinx_vhdlsynthesis</spirit:viewNameRef>
              <spirit:viewNameRef>xilinx_vhdlbehavioralsimulation</spirit:viewNameRef>
            </spirit:wireTypeDef>
          </spirit:wireTypeDefs>
        </spirit:wire>
      </spirit:port>
      <spirit:port>
        <spirit:name>s00_axi_bresp</spirit:name>
        <spirit:wire>
          <spirit:direction>out</spirit:direction>
          <spirit:vector>
            <spirit:left spirit:format="long">1</spirit:left>
            <spirit:right spirit:format="long">0</spirit:right>
          </spirit:vector>
          <spirit:wireTypeDefs>
            <spirit:wireTypeDef>
              <spirit:typeName>std_logic_vector</spirit:typeName>
              <spirit:viewNameRef>xilinx_vhdlsynthesis</spirit:viewNameRef>
              <spirit:viewNameRef>xilinx_vhdlbehavioralsimulation</spirit:viewNameRef>
            </spirit:wireTypeDef>
          </spirit:wireTypeDefs>
        </spirit:wire>
      </spirit:port>
      <spirit:port>
        <spirit:name>s00_axi_bvalid</spirit:name>
        <spirit:wire>
          <spirit:direction>out</spirit:direction>
          <spirit:wireTypeDefs>
            <spirit:wireTypeDef>
              <spirit:typeName>std_logic</spirit:typeName>
              <spirit:viewNameRef>xilinx_vhdlsynthesis</spirit:viewNameRef>
              <spirit:viewNameRef>xilinx_vhdlbehavioralsimulation</spirit:viewNameRef>
            </spirit:wireTypeDef>
          </spirit:wireTypeDefs>
        </spirit:wire>
      </spirit:port>
      <spirit:port>
        <spirit:name>s00_axi_bready</spirit:name>
        <spirit:wire>
          <spirit:direction>in</spirit:direction>
          <spirit:wireTypeDefs>
            <spirit:wireTypeDef>
              <spirit:typeName>std_logic</spirit:typeName>
              <spirit:viewNameRef>xilinx_vhdlsynthesis</spirit:viewNameRef>
              <spirit:viewNameRef>xilinx_vhdlbehavioralsimulation</spirit:viewNameRef>
            </spirit:wireTypeDef>
          </spirit:wireTypeDefs>
        </spirit:wire>
      </spirit:port>
      <spirit:port>
        <spirit:name>s00_axi_araddr</spirit:name>
        <spirit:wire>
          <spirit:direction>in</spirit:direction>
          <spirit:vector>
            <spirit:left spirit:format="long" spirit:resolve="dependent" spirit:dependency="(spirit:decode(id(&apos;MODELPARAM_VALUE.C_S00_AXI_ADDR_WIDTH&apos;)) - 1)">3</spirit:left>
            <spirit:right spirit:format="long">0</spirit:right>
          </spirit:vector>
          <spirit:wireTypeDefs>
            <spirit:wireTypeDef>
              <spirit:typeName>std_logic_vector</spirit:typeName>
              <spirit:viewNameRef>xilinx_vhdlsynthesis</spirit:viewNameRef>
              <spirit:viewNameRef>xilinx_vhdlbehavioralsimulation</spirit:viewNameRef>
            </spirit:wireTypeDef>
          </spirit:wireTypeDefs>
        </spirit:wire>
      </spirit:port>
      <spirit:port>
        <spirit:name>s00_axi_arprot</spirit:name>
        <spirit:wire>
          <spirit:direction>in</spirit:direction>
          <spirit:vector>
            <spirit:left spirit:format="long">2</spirit:left>
            <spirit:right spirit:format="long">0</spirit:right>
          </spirit:vector>
          <spirit:wireTypeDefs>
            <spirit:wireTypeDef>
              <spirit:typeName>std_logic_vector</spirit:typeName>
              <spirit:viewNameRef>xilinx_vhdlsynthesis</spirit:viewNameRef>
              <spirit:viewNameRef>xilinx_vhdlbehavioralsimulation</spirit:viewNameRef>
            </spirit:wireTypeDef>
          </spirit:wireTypeDefs>
        </spirit:wire>
      </spirit:port>
      <spirit:port>
        <spirit:name>s00_axi_arvalid</spirit:name>
        <spirit:wire>
          <spirit:direction>in</spirit:direction>
          <spirit:wireTypeDefs>
            <spirit:wireTypeDef>
              <spirit:typeName>std_logic</spirit:typeName>
              <spirit:viewNameRef>xilinx_vhdlsynthesis</spirit:viewNameRef>
              <spirit:viewNameRef>xilinx_vhdlbehavioralsimulation</spirit:viewNameRef>
            </spirit:wireTypeDef>
          </spirit:wireTypeDefs>
        </spirit:wire>
      </spirit:port>
      <spirit:port>
        <spirit:name>s00_axi_arready</spirit:name>
        <spirit:wire>
          <spirit:direction>out</spirit:direction>
          <spirit:wireTypeDefs>
            <spirit:wireTypeDef>
              <spirit:typeName>std_logic</spirit:typeName>
              <spirit:viewNameRef>xilinx_vhdlsynthesis</spirit:viewNameRef>
              <spirit:viewNameRef>xilinx_vhdlbehavioralsimulation</spirit:viewNameRef>
            </spirit:wireTypeDef>
          </spirit:wireTypeDefs>
        </spirit:wire>
      </spirit:port>
      <spirit:port>
        <spirit:name>s00_axi_rdata</spirit:name>
        <spirit:wire>
          <spirit:direction>out</spirit:direction>
          <spirit:vector>
            <spirit:left spirit:format="long" spirit:resolve="dependent" spirit:dependency="(spirit:decode(id(&apos;MODELPARAM_VALUE.C_S00_AXI_DATA_WIDTH&apos;)) - 1)">31</spirit:left>
            <spirit:right spirit:format="long">0</spirit:right>
          </spirit:vector>
          <spirit:wireTypeDefs>
            <spirit:wireTypeDef>
              <spirit:typeName>std_logic_vector</spirit:typeName>
              <spirit:viewNameRef>xilinx_vhdlsynthesis</spirit:viewNameRef>
              <spirit:viewNameRef>xilinx_vhdlbehavioralsimulation</spirit:viewNameRef>
            </spirit:wireTypeDef>
          </spirit:wireTypeDefs>
        </spirit:wire>
      </spirit:port>
      <spirit:port>
        <spirit:name>s00_axi_rresp</spirit:name>
        <spirit:wire>
          <spirit:direction>out</spirit:direction>
          <spirit:vector>
            <spirit:left spirit:format="long">1</spirit:left>
            <spirit:right spirit:format="long">0</spirit:right>
          </spirit:vector>
          <spirit:wireTypeDefs>
            <spirit:wireTypeDef>
              <spirit:typeName>std_logic_vector</spirit:typeName>
              <spirit:viewNameRef>xilinx_vhdlsynthesis</spirit:viewNameRef>
              <spirit:viewNameRef>xilinx_vhdlbehavioralsimulation</spirit:viewNameRef>
            </spirit:wireTypeDef>
          </spirit:wireTypeDefs>
        </spirit:wire>
      </spirit:port>
      <spirit:port>
        <spirit:name>s00_axi_rvalid</spirit:name>
        <spirit:wire>
          <spirit:direction>out</spirit:direction>
          <spirit:wireTypeDefs>
            <spirit:wireTypeDef>
              <spirit:typeName>std_logic</spirit:typeName>
              <spirit:viewNameRef>xilinx_vhdlsynthesis</spirit:viewNameRef>
              <spirit:viewNameRef>xilinx_vhdlbehavioralsimulation</spirit:viewNameRef>
            </spirit:wireTypeDef>
          </spirit:wireTypeDefs>
        </spirit:wire>
      </spirit:port>
      <spirit:port>
        <spirit:name>s00_axi_rready</spirit:name>
        <spirit:wire>
          <spirit:direction>in</spirit:direction>
          <spirit:wireTypeDefs>
            <spirit:wireTypeDef>
              <spirit:typeName>std_logic</spirit:typeName>
              <spirit:viewNameRef>xilinx_vhdlsynthesis</spirit:viewNameRef>
              <spirit:viewNameRef>xilinx_vhdlbehavioralsimulation</spirit:viewNameRef>
            </spirit:wireTypeDef>
          </spirit:wireTypeDefs>
        </spirit:wire>
      </spirit:port>
    </spirit:ports>
    <spirit:modelParameters>
      <spirit:modelParameter xsi:type="spirit:nameValueTypeType" spirit:dataType="integer">
        <spirit:name>C_S00_AXI_DATA_WIDTH</spirit:name>
        <spirit:displayName>C S00 AXI DATA WIDTH</spirit:displayName>
        <spirit:description>Width of S_AXI data bus</spirit:description>
        <spirit:value spirit:format="long" spirit:resolve="generated" spirit:id="MODELPARAM_VALUE.C_S00_AXI_DATA_WIDTH" spirit:order="3" spirit:rangeType="long">32</spirit:value>
      </spirit:modelParameter>
      <spirit:modelParameter spirit:dataType="integer">
        <spirit:name>C_S00_AXI_ADDR_WIDTH</spirit:name>
        <spirit:displayName>C S00 AXI ADDR WIDTH</spirit:displayName>
        <spirit:description>Width of S_AXI address bus</spirit:description>
        <spirit:value spirit:format="long" spirit:resolve="generated" spirit:id="MODELPARAM_VALUE.C_S00_AXI_ADDR_WIDTH" spirit:order="4" spirit:rangeType="long">4</spirit:value>
      </spirit:modelParameter>
    </spirit:modelParameters>
  </spirit:model>
  <spirit:choices>
    <spirit:choice>
      <spirit:name>choice_list_6fc15197</spirit:name>
      <spirit:enumeration>32</spirit:enumeration>
    </spirit:choice>
    <spirit:choice>
      <spirit:name>choice_list_99a1d2b9</spirit:name>
      <spirit:enumeration>LEVEL_HIGH</spirit:enumeration>
      <spirit:enumeration>LEVEL_LOW</spirit:enumeration>
      <spirit:enumeration>EDGE_RISING</spirit:enumeration>
      <spirit:enumeration>EDGE_FALLING</spirit:enumeration>
    </spirit:choice>
    <spirit:choice>
      <spirit:name>choice_list_9d8b0d81</spirit:name>
      <spirit:enumeration>ACTIVE_HIGH</spirit:enumeration>
      <spirit:enumeration>ACTIVE_LOW</spirit:enumeration>
    </spirit:choice>
    <spirit:choice>
      <spirit:name>choice_pairs_ce1226b1</spirit:name>
      <spirit:enumeration spirit:text="true">1</spirit:enumeration>
      <spirit:enumeration spirit:text="false">0</spirit:enumeration>
    </spirit:choice>
  </spirit:choices>
  <spirit:fileSets>
    <spirit:fileSet>
      <spirit:name>xilinx_vhdlsynthesis_view_fileset</spirit:name>
      <spirit:file>
        <spirit:name>hdl/sqrt.vhd</spirit:name>
        <spirit:fileType>vhdlSource</spirit:fileType>
        <spirit:logicalName>work</spirit:logicalName>
      </spirit:file>
      <spirit:file>
        <spirit:name>hdl/mysqrtip_v1_0_S00_AXI.vhd</spirit:name>
        <spirit:fileType>vhdlSource</spirit:fileType>
      </spirit:file>
      <spirit:file>
        <spirit:name>hdl/mysqrtip_v1_0.vhd</spirit:name>
        <spirit:fileType>vhdlSource</spirit:fileType>
        <spirit:userFileType>CHECKSUM_ac958250</spirit:userFileType>
        <spirit:logicalName>work</spirit:logicalName>
      </spirit:file>
    </spirit:fileSet>
    <spirit:fileSet>
      <spirit:name>xilinx_vhdlbehavioralsimulation_view_fileset</spirit:name>
      <spirit:file>
        <spirit:name>hdl/sqrt.vhd</spirit:name>
        <spirit:fileType>vhdlSource</spirit:fileType>
        <spirit:logicalName>work</spirit:logicalName>
      </spirit:file>
      <spirit:file>
        <spirit:name>hdl/mysqrtip_v1_0_S00_AXI.vhd</spirit:name>
        <spirit:fileType>vhdlSource</spirit:fileType>
      </spirit:file>
      <spirit:file>
        <spirit:name>hdl/mysqrtip_v1_0.vhd</spirit:name>
        <spirit:fileType>vhdlSource</spirit:fileType>
        <spirit:logicalName>work</spirit:logicalName>
      </spirit:file>
    </spirit:fileSet>
    <spirit:fileSet>
      <spirit:name>xilinx_xpgui_view_fileset</spirit:name>
      <spirit:file>
        <spirit:name>xgui/mysqrtip_v1_0.tcl</spirit:name>
        <spirit:fileType>tclSource</spirit:fileType>
        <spirit:userFileType>CHECKSUM_080b65eb</spirit:userFileType>
        <spirit:userFileType>XGUI_VERSION_2</spirit:userFileType>
      </spirit:file>
    </spirit:fileSet>
    <spirit:fileSet>
      <spirit:name>bd_tcl_view_fileset</spirit:name>
      <spirit:file>
        <spirit:name>bd/bd.tcl</spirit:name>
        <spirit:fileType>tclSource</spirit:fileType>
      </spirit:file>
    </spirit:fileSet>
  </spirit:fileSets>
  <spirit:description>Square root of an integer</spirit:description>
  <spirit:parameters>
    <spirit:parameter>
      <spirit:name>C_S00_AXI_DATA_WIDTH</spirit:name>
      <spirit:displayName>C S00 AXI DATA WIDTH</spirit:displayName>
      <spirit:description>Width of S_AXI data bus</spirit:description>
      <spirit:value spirit:format="long" spirit:resolve="user" spirit:id="PARAM_VALUE.C_S00_AXI_DATA_WIDTH" spirit:choiceRef="choice_list_6fc15197" spirit:order="3">32</spirit:value>
      <spirit:vendorExtensions>
        <xilinx:parameterInfo>
          <xilinx:enablement>
            <xilinx:isEnabled xilinx:id="PARAM_ENABLEMENT.C_S00_AXI_DATA_WIDTH">false</xilinx:isEnabled>
          </xilinx:enablement>
        </xilinx:parameterInfo>
      </spirit:vendorExtensions>
    </spirit:parameter>
    <spirit:parameter>
      <spirit:name>C_S00_AXI_ADDR_WIDTH</spirit:name>
      <spirit:displayName>C S00 AXI ADDR WIDTH</spirit:displayName>
      <spirit:description>Width of S_AXI address bus</spirit:description>
      <spirit:value spirit:format="long" spirit:resolve="user" spirit:id="PARAM_VALUE.C_S00_AXI_ADDR_WIDTH" spirit:order="4" spirit:rangeType="long">4</spirit:value>
      <spirit:vendorExtensions>
        <xilinx:parameterInfo>
          <xilinx:enablement>
            <xilinx:isEnabled xilinx:id="PARAM_ENABLEMENT.C_S00_AXI_ADDR_WIDTH">false</xilinx:isEnabled>
          </xilinx:enablement>
        </xilinx:parameterInfo>
      </spirit:vendorExtensions>
    </spirit:parameter>
    <spirit:parameter>
      <spirit:name>C_S00_AXI_BASEADDR</spirit:name>
      <spirit:displayName>C S00 AXI BASEADDR</spirit:displayName>
      <spirit:value spirit:format="bitString" spirit:resolve="user" spirit:id="PARAM_VALUE.C_S00_AXI_BASEADDR" spirit:order="5" spirit:bitStringLength="32">0xFFFFFFFF</spirit:value>
      <spirit:vendorExtensions>
        <xilinx:parameterInfo>
          <xilinx:enablement>
            <xilinx:isEnabled xilinx:id="PARAM_ENABLEMENT.C_S00_AXI_BASEADDR">false</xilinx:isEnabled>
          </xilinx:enablement>
        </xilinx:parameterInfo>
      </spirit:vendorExtensions>
    </spirit:parameter>
    <spirit:parameter>
      <spirit:name>C_S00_AXI_HIGHADDR</spirit:name>
      <spirit:displayName>C S00 AXI HIGHADDR</spirit:displayName>
      <spirit:value spirit:format="bitString" spirit:resolve="user" spirit:id="PARAM_VALUE.C_S00_AXI_HIGHADDR" spirit:order="6" spirit:bitStringLength="32">0x00000000</spirit:value>
      <spirit:vendorExtensions>
        <xilinx:parameterInfo>
          <xilinx:enablement>
            <xilinx:isEnabled xilinx:id="PARAM_ENABLEMENT.C_S00_AXI_HIGHADDR">false</xilinx:isEnabled>
          </xilinx:enablement>
        </xilinx:parameterInfo>
      </spirit:vendorExtensions>
    </spirit:parameter>
    <spirit:parameter>
      <spirit:name>Component_Name</spirit:name>
      <spirit:value spirit:resolve="user" spirit:id="PARAM_VALUE.Component_Name" spirit:order="1">mysqrtip_v1_0</spirit:value>
    </spirit:parameter>
  </spirit:parameters>
  <spirit:vendorExtensions>
    <xilinx:coreExtensions>
      <xilinx:supportedFamilies>
        <xilinx:family xilinx:lifeCycle="Pre-Production">zynq</xilinx:family>
      </xilinx:supportedFamilies>
      <xilinx:taxonomies>
        <xilinx:taxonomy>AXI_Peripheral</xilinx:taxonomy>
      </xilinx:taxonomies>
      <xilinx:displayName>mysqrtip_v1.0</xilinx:displayName>
      <xilinx:coreRevision>4</xilinx:coreRevision>
      <xilinx:coreCreationDateTime>2021-03-14T17:09:58Z</xilinx:coreCreationDateTime>
      <xilinx:tags>
        <xilinx:tag xilinx:name="ui.data.coregen.dd@10141aa6_ARCHIVE_LOCATION">/home/fouste/Uni/Vivado/ip_repo/mysqrtip_1.0</xilinx:tag>
        <xilinx:tag xilinx:name="ui.data.coregen.dd@57324fb2_ARCHIVE_LOCATION">/home/fouste/Uni/Vivado/ip_repo/mysqrtip_1.0</xilinx:tag>
        <xilinx:tag xilinx:name="ui.data.coregen.dd@4ee6b57f_ARCHIVE_LOCATION">/home/fouste/Uni/Vivado/ip_repo/mysqrtip_1.0</xilinx:tag>
        <xilinx:tag xilinx:name="ui.data.coregen.dd@22cc548_ARCHIVE_LOCATION">/home/fouste/Uni/Vivado/ip_repo/mysqrtip_1.0</xilinx:tag>
        <xilinx:tag xilinx:name="ui.data.coregen.dd@65904356_ARCHIVE_LOCATION">/home/fouste/Uni/Vivado/ip_repo/mysqrtip_1.0</xilinx:tag>
        <xilinx:tag xilinx:name="ui.data.coregen.dd@72fde014_ARCHIVE_LOCATION">/home/fouste/Uni/Vivado/ip_repo/mysqrtip_1.0</xilinx:tag>
        <xilinx:tag xilinx:name="ui.data.coregen.dd@3a121d25_ARCHIVE_LOCATION">/home/fouste/Uni/Vivado/ip_repo/mysqrtip_1.0</xilinx:tag>
        <xilinx:tag xilinx:name="ui.data.coregen.dd@30efa426_ARCHIVE_LOCATION">/home/fouste/Uni/Vivado/ip_repo/mysqrtip_1.0</xilinx:tag>
        <xilinx:tag xilinx:name="ui.data.coregen.dd@71ae673e_ARCHIVE_LOCATION">/home/fouste/Uni/Vivado/ip_repo/mysqrtip_1.0</xilinx:tag>
        <xilinx:tag xilinx:name="ui.data.coregen.dd@43f8bc_ARCHIVE_LOCATION">/home/fouste/Uni/Vivado/ip_repo/mysqrtip_1.0</xilinx:tag>
        <xilinx:tag xilinx:name="ui.data.coregen.dd@4f4b679b_ARCHIVE_LOCATION">/home/fouste/Uni/Vivado/ip_repo/mysqrtip_1.0</xilinx:tag>
        <xilinx:tag xilinx:name="ui.data.coregen.dd@155a1727_ARCHIVE_LOCATION">/home/fouste/Uni/Vivado/ip_repo/mysqrtip_1.0</xilinx:tag>
        <xilinx:tag xilinx:name="ui.data.coregen.dd@795767e9_ARCHIVE_LOCATION">/home/fouste/Uni/Vivado/ip_repo/mysqrtip_1.0</xilinx:tag>
        <xilinx:tag xilinx:name="ui.data.coregen.dd@4688943d_ARCHIVE_LOCATION">/home/fouste/Uni/Vivado/ip_repo/mysqrtip_1.0</xilinx:tag>
        <xilinx:tag xilinx:name="ui.data.coregen.dd@480f72b0_ARCHIVE_LOCATION">/home/fouste/Uni/Vivado/ip_repo/mysqrtip_1.0</xilinx:tag>
        <xilinx:tag xilinx:name="ui.data.coregen.dd@456269d9_ARCHIVE_LOCATION">/home/fouste/Uni/Vivado/ip_repo/mysqrtip_1.0</xilinx:tag>
        <xilinx:tag xilinx:name="ui.data.coregen.dd@3d915595_ARCHIVE_LOCATION">/home/fouste/Uni/Vivado/ip_repo/mysqrtip_1.0</xilinx:tag>
        <xilinx:tag xilinx:name="ui.data.coregen.dd@2ff459b4_ARCHIVE_LOCATION">/home/fouste/Uni/Vivado/ip_repo/mysqrtip_1.0</xilinx:tag>
        <xilinx:tag xilinx:name="ui.data.coregen.dd@5c0e4a1f_ARCHIVE_LOCATION">/home/fouste/Uni/Vivado/ip_repo/mysqrtip_1.0</xilinx:tag>
        <xilinx:tag xilinx:name="ui.data.coregen.dd@75cb6c8a_ARCHIVE_LOCATION">/home/fouste/Uni/Vivado/ip_repo/mysqrtip_1.0</xilinx:tag>
        <xilinx:tag xilinx:name="ui.data.coregen.dd@2ef32500_ARCHIVE_LOCATION">/home/fouste/Uni/Vivado/ip_repo/mysqrtip_1.0</xilinx:tag>
        <xilinx:tag xilinx:name="ui.data.coregen.dd@749f5dd1_ARCHIVE_LOCATION">/home/fouste/Uni/Vivado/ip_repo/mysqrtip_1.0</xilinx:tag>
        <xilinx:tag xilinx:name="ui.data.coregen.dd@2995e08f_ARCHIVE_LOCATION">/home/fouste/Uni/Vivado/ip_repo/mysqrtip_1.0</xilinx:tag>
        <xilinx:tag xilinx:name="ui.data.coregen.dd@461d087e_ARCHIVE_LOCATION">/home/fouste/Uni/Vivado/ip_repo/mysqrtip_1.0</xilinx:tag>
        <xilinx:tag xilinx:name="ui.data.coregen.dd@61f0f585_ARCHIVE_LOCATION">/home/fouste/Uni/Vivado/ip_repo/mysqrtip_1.0</xilinx:tag>
        <xilinx:tag xilinx:name="ui.data.coregen.dd@23f9845a_ARCHIVE_LOCATION">/home/fouste/Uni/Vivado/ip_repo/mysqrtip_1.0</xilinx:tag>
        <xilinx:tag xilinx:name="ui.data.coregen.dd@10a36b2b_ARCHIVE_LOCATION">/home/fouste/Uni/Vivado/ip_repo/mysqrtip_1.0</xilinx:tag>
        <xilinx:tag xilinx:name="ui.data.coregen.dd@7d1e7ea_ARCHIVE_LOCATION">/home/fouste/Uni/Vivado/ip_repo/mysqrtip_1.0</xilinx:tag>
        <xilinx:tag xilinx:name="ui.data.coregen.dd@6bd20c96_ARCHIVE_LOCATION">/home/fouste/Uni/Vivado/ip_repo/mysqrtip_1.0</xilinx:tag>
        <xilinx:tag xilinx:name="ui.data.coregen.dd@38acdee0_ARCHIVE_LOCATION">/home/fouste/Uni/Vivado/ip_repo/mysqrtip_1.0</xilinx:tag>
        <xilinx:tag xilinx:name="ui.data.coregen.dd@63a4efd5_ARCHIVE_LOCATION">/home/fouste/Uni/Vivado/ip_repo/mysqrtip_1.0</xilinx:tag>
        <xilinx:tag xilinx:name="ui.data.coregen.dd@14c68c13_ARCHIVE_LOCATION">/home/fouste/Uni/Vivado/ip_repo/mysqrtip_1.0</xilinx:tag>
        <xilinx:tag xilinx:name="ui.data.coregen.dd@53c66c8c_ARCHIVE_LOCATION">/home/fouste/Uni/Vivado/ip_repo/mysqrtip_1.0</xilinx:tag>
        <xilinx:tag xilinx:name="ui.data.coregen.dd@6917772d_ARCHIVE_LOCATION">/home/fouste/Uni/Vivado/ip_repo/mysqrtip_1.0</xilinx:tag>
        <xilinx:tag xilinx:name="ui.data.coregen.dd@5beb86e3_ARCHIVE_LOCATION">/home/fouste/Uni/Vivado/ip_repo/mysqrtip_1.0</xilinx:tag>
        <xilinx:tag xilinx:name="ui.data.coregen.dd@72bc2c58_ARCHIVE_LOCATION">/home/fouste/Uni/Vivado/ip_repo/mysqrtip_1.0</xilinx:tag>
        <xilinx:tag xilinx:name="ui.data.coregen.dd@72db0a58_ARCHIVE_LOCATION">/home/fouste/Uni/Vivado/ip_repo/mysqrtip_1.0</xilinx:tag>
        <xilinx:tag xilinx:name="ui.data.coregen.dd@178af0dd_ARCHIVE_LOCATION">/home/fouste/Uni/Vivado/ip_repo/mysqrtip_1.0</xilinx:tag>
        <xilinx:tag xilinx:name="ui.data.coregen.dd@79d5b5b3_ARCHIVE_LOCATION">/home/fouste/Uni/Vivado/ip_repo/mysqrtip_1.0</xilinx:tag>
        <xilinx:tag xilinx:name="ui.data.coregen.dd@7448a2_ARCHIVE_LOCATION">/home/fouste/Uni/Vivado/ip_repo/mysqrtip_1.0</xilinx:tag>
        <xilinx:tag xilinx:name="ui.data.coregen.dd@793554cb_ARCHIVE_LOCATION">/home/fouste/Uni/Vivado/ip_repo/mysqrtip_1.0</xilinx:tag>
        <xilinx:tag xilinx:name="ui.data.coregen.dd@368eb4f0_ARCHIVE_LOCATION">/home/fouste/Uni/Vivado/ip_repo/mysqrtip_1.0</xilinx:tag>
        <xilinx:tag xilinx:name="ui.data.coregen.dd@2934f30d_ARCHIVE_LOCATION">/home/fouste/Uni/Vivado/ip_repo/mysqrtip_1.0</xilinx:tag>
        <xilinx:tag xilinx:name="ui.data.coregen.dd@3b9fc9bc_ARCHIVE_LOCATION">/home/fouste/Uni/Vivado/ip_repo/mysqrtip_1.0</xilinx:tag>
        <xilinx:tag xilinx:name="ui.data.coregen.dd@16a4130e_ARCHIVE_LOCATION">/home/fouste/Uni/Vivado/ip_repo/mysqrtip_1.0</xilinx:tag>
        <xilinx:tag xilinx:name="ui.data.coregen.dd@64df294b_ARCHIVE_LOCATION">/home/fouste/Uni/Vivado/ip_repo/mysqrtip_1.0</xilinx:tag>
        <xilinx:tag xilinx:name="ui.data.coregen.dd@17becc32_ARCHIVE_LOCATION">/home/fouste/Uni/Vivado/ip_repo/mysqrtip_1.0</xilinx:tag>
        <xilinx:tag xilinx:name="ui.data.coregen.dd@53aa5bc1_ARCHIVE_LOCATION">/home/fouste/Uni/Vivado/ip_repo/mysqrtip_1.0</xilinx:tag>
        <xilinx:tag xilinx:name="ui.data.coregen.dd@41494a5d_ARCHIVE_LOCATION">/home/fouste/Uni/Vivado/ip_repo/mysqrtip_1.0</xilinx:tag>
        <xilinx:tag xilinx:name="ui.data.coregen.dd@227130b7_ARCHIVE_LOCATION">/home/fouste/Uni/Vivado/ip_repo/mysqrtip_1.0</xilinx:tag>
        <xilinx:tag xilinx:name="ui.data.coregen.dd@6c58fc5e_ARCHIVE_LOCATION">/home/fouste/Uni/Vivado/ip_repo/mysqrtip_1.0</xilinx:tag>
        <xilinx:tag xilinx:name="ui.data.coregen.dd@479f0a58_ARCHIVE_LOCATION">/home/fouste/Uni/Vivado/ip_repo/mysqrtip_1.0</xilinx:tag>
        <xilinx:tag xilinx:name="ui.data.coregen.dd@3640283d_ARCHIVE_LOCATION">/home/fouste/Uni/Vivado/ip_repo/mysqrtip_1.0</xilinx:tag>
        <xilinx:tag xilinx:name="ui.data.coregen.dd@37096db_ARCHIVE_LOCATION">/home/fouste/Uni/Vivado/ip_repo/mysqrtip_1.0</xilinx:tag>
        <xilinx:tag xilinx:name="ui.data.coregen.dd@48d4e21f_ARCHIVE_LOCATION">/home/fouste/Uni/Vivado/ip_repo/mysqrtip_1.0</xilinx:tag>
        <xilinx:tag xilinx:name="ui.data.coregen.dd@61a382d6_ARCHIVE_LOCATION">/home/fouste/Uni/Vivado/ip_repo/mysqrtip_1.0</xilinx:tag>
        <xilinx:tag xilinx:name="ui.data.coregen.dd@21f2a902_ARCHIVE_LOCATION">/home/fouste/Uni/Vivado/ip_repo/mysqrtip_1.0</xilinx:tag>
        <xilinx:tag xilinx:name="ui.data.coregen.dd@1d96d26e_ARCHIVE_LOCATION">/home/fouste/Uni/Vivado/ip_repo/mysqrtip_1.0</xilinx:tag>
        <xilinx:tag xilinx:name="ui.data.coregen.dd@11c29149_ARCHIVE_LOCATION">/home/fouste/Uni/Vivado/ip_repo/mysqrtip_1.0</xilinx:tag>
        <xilinx:tag xilinx:name="ui.data.coregen.dd@32f8f60e_ARCHIVE_LOCATION">/home/fouste/Uni/Vivado/ip_repo/mysqrtip_1.0</xilinx:tag>
        <xilinx:tag xilinx:name="ui.data.coregen.dd@666ea0a1_ARCHIVE_LOCATION">/home/fouste/Uni/Vivado/ip_repo/nmysqrtip_1.0</xilinx:tag>
        <xilinx:tag xilinx:name="ui.data.coregen.dd@5f876f18_ARCHIVE_LOCATION">/home/fouste/Uni/Vivado/ip_repo/nmysqrtip_1.0</xilinx:tag>
        <xilinx:tag xilinx:name="ui.data.coregen.dd@6720d662_ARCHIVE_LOCATION">/home/fouste/Uni/Vivado/ip_repo/nmysqrtip_1.0</xilinx:tag>
        <xilinx:tag xilinx:name="ui.data.coregen.dd@7db90a10_ARCHIVE_LOCATION">/home/fouste/Uni/Vivado/ip_repo/nomysqrtip_1.0</xilinx:tag>
        <xilinx:tag xilinx:name="ui.data.coregen.dd@4dd1aba2_ARCHIVE_LOCATION">/home/fouste/Uni/Vivado/ip_repo/nomysqrtip_1.0</xilinx:tag>
        <xilinx:tag xilinx:name="ui.data.coregen.dd@73686606_ARCHIVE_LOCATION">/home/fouste/Uni/Vivado/ip_repo/nomysqrtip_1.0</xilinx:tag>
        <xilinx:tag xilinx:name="ui.data.coregen.dd@e8438f_ARCHIVE_LOCATION">/home/fouste/Uni/Vivado/ip_repo/notmysqrtip_1.0</xilinx:tag>
        <xilinx:tag xilinx:name="ui.data.coregen.dd@5638521f_ARCHIVE_LOCATION">/home/fouste/Uni/Vivado/ip_repo/notmysqrtip_1.0</xilinx:tag>
        <xilinx:tag xilinx:name="ui.data.coregen.dd@77ad3db1_ARCHIVE_LOCATION">/home/fouste/Uni/Vivado/ip_repo/notmysqrtip_1.0</xilinx:tag>
        <xilinx:tag xilinx:name="ui.data.coregen.dd@455ef000_ARCHIVE_LOCATION">/home/fouste/Uni/Vivado/ip_repo/notmysqrtip_1.0</xilinx:tag>
        <xilinx:tag xilinx:name="ui.data.coregen.dd@3cbc2e6f_ARCHIVE_LOCATION">/home/fouste/Uni/Vivado/ip_repo/notmysqrtip_1.0</xilinx:tag>
        <xilinx:tag xilinx:name="ui.data.coregen.dd@7edcb411_ARCHIVE_LOCATION">/home/fouste/Uni/Vivado/ip_repo/notmysqrtip_1.0</xilinx:tag>
        <xilinx:tag xilinx:name="ui.data.coregen.dd@5167604e_ARCHIVE_LOCATION">/home/fouste/Uni/Vivado/ip_repo/notmysqrtip_1.0</xilinx:tag>
        <xilinx:tag xilinx:name="ui.data.coregen.dd@4376ccf8_ARCHIVE_LOCATION">/home/fouste/Uni/Vivado/ip_repo/notmysqrtip_1.0</xilinx:tag>
        <xilinx:tag xilinx:name="ui.data.coregen.dd@1e161eb_ARCHIVE_LOCATION">/home/fouste/Uni/Vivado/ip_repo/notmysqrtip_1.0</xilinx:tag>
        <xilinx:tag xilinx:name="ui.data.coregen.dd@418f08b4_ARCHIVE_LOCATION">/home/fouste/Uni/Vivado/ip_repo/notmysqrtip_1.0</xilinx:tag>
        <xilinx:tag xilinx:name="ui.data.coregen.dd@2d7e20ca_ARCHIVE_LOCATION">/home/fouste/Uni/Vivado/ip_repo/notmysqrtip_1.0</xilinx:tag>
        <xilinx:tag xilinx:name="ui.data.coregen.dd@1bcb8a0f_ARCHIVE_LOCATION">/home/fouste/Uni/Vivado/ip_repo/notmysqrtip_1.0</xilinx:tag>
        <xilinx:tag xilinx:name="ui.data.coregen.dd@60b06aa8_ARCHIVE_LOCATION">/home/fouste/Uni/Vivado/ip_repo/notmysqrtip_1.0</xilinx:tag>
        <xilinx:tag xilinx:name="ui.data.coregen.dd@316309e0_ARCHIVE_LOCATION">/home/fouste/Uni/Vivado/ip_repo/notmysqrtip_1.0</xilinx:tag>
        <xilinx:tag xilinx:name="ui.data.coregen.dd@63553ab8_ARCHIVE_LOCATION">/home/fouste/Uni/Vivado/ip_repo/notmysqrtip_1.0</xilinx:tag>
        <xilinx:tag xilinx:name="ui.data.coregen.dd@4186d352_ARCHIVE_LOCATION">/home/fouste/Uni/Vivado/ip_repo/notmysqrtip_1.0</xilinx:tag>
        <xilinx:tag xilinx:name="ui.data.coregen.dd@667fbf40_ARCHIVE_LOCATION">/home/fouste/Uni/Vivado/ip_repo/notmysqrtip_1.0</xilinx:tag>
        <xilinx:tag xilinx:name="ui.data.coregen.dd@6fa8e261_ARCHIVE_LOCATION">/home/fouste/Uni/Vivado/ip_repo/notmysqrtip_1.0</xilinx:tag>
        <xilinx:tag xilinx:name="ui.data.coregen.dd@48179a10_ARCHIVE_LOCATION">/home/fouste/Uni/Vivado/ip_repo/notmysqrtip_1.0</xilinx:tag>
        <xilinx:tag xilinx:name="ui.data.coregen.dd@7cc59164_ARCHIVE_LOCATION">/home/fouste/Uni/Vivado/ip_repo/notmysqrtip_1.0</xilinx:tag>
        <xilinx:tag xilinx:name="ui.data.coregen.dd@1c48bf45_ARCHIVE_LOCATION">/home/fouste/Uni/Vivado/ip_repo/notmysqrtip</xilinx:tag>
        <xilinx:tag xilinx:name="ui.data.coregen.dd@7cc6b547_ARCHIVE_LOCATION">/home/fouste/Uni/Vivado/ip_repo/notmysqrtip</xilinx:tag>
        <xilinx:tag xilinx:name="ui.data.coregen.dd@54918d8_ARCHIVE_LOCATION">/home/fouste/Uni/Vivado/ip_repo/notmysqrtip</xilinx:tag>
        <xilinx:tag xilinx:name="ui.data.coregen.dd@202a2cdc_ARCHIVE_LOCATION">/home/fouste/Uni/Vivado/ip_repo/notmysqrtip</xilinx:tag>
      </xilinx:tags>
    </xilinx:coreExtensions>
    <xilinx:packagingInfo>
      <xilinx:xilinxVersion>2020.1</xilinx:xilinxVersion>
      <xilinx:checksum xilinx:scope="busInterfaces" xilinx:value="ecc64a69"/>
      <xilinx:checksum xilinx:scope="memoryMaps" xilinx:value="ed1368d5"/>
      <xilinx:checksum xilinx:scope="fileGroups" xilinx:value="22be3372"/>
      <xilinx:checksum xilinx:scope="ports" xilinx:value="c4d5bb23"/>
      <xilinx:checksum xilinx:scope="hdlParameters" xilinx:value="6992ea72"/>
      <xilinx:checksum xilinx:scope="parameters" xilinx:value="327abb55"/>
    </xilinx:packagingInfo>
  </spirit:vendorExtensions>
</spirit:component>
